{"nodes":{"node:14518497309334472876":{"location":{"x":-874,"y":146}}},"selection":null,"view":{"scroll":{"x":-629.49884033203125,"y":-162.944183349609375},"visible_rect":{"max":{"x":-511.3829345703125,"y":613.3792724609375},"min":{"x":-1235.7635498046875,"y":-319.874267578125}},"zoom":0.509400725364685059}}