{"nodes":{"node:12603344069056044056":{"location":{"x":-776,"y":44}},"node:2529265469999499880":{"location":{"x":-639,"y":211}},"node:7097533939107713377":{"location":{"x":-837,"y":220}}},"selection":null,"view":{"scroll":{"x":-1480.4332275390625,"y":23.2092380523681641},"visible_rect":{"max":{"x":-166.882186889648438,"y":406.34637451171875},"min":{"x":-1110.7060546875,"y":17.41290283203125}},"zoom":1.33287584781646729}}