{"nodes":{"node:12822245342825511948":{"location":{"x":2161,"y":1584}},"node:14782996751335030773":{"location":{"x":1857,"y":1456}},"node:5258410046539241384":{"location":{"x":1595,"y":1484}}},"selection":null,"view":{"scroll":{"x":1992.9595947265625,"y":1603.2799072265625},"visible_rect":{"max":{"x":2379.969482421875,"y":1798.145263671875},"min":{"x":1594.368896484375,"y":1282.6248779296875}},"zoom":1.24999904632568359}}