{"nodes":{"node:933299417820975741":{"location":{"x":-874,"y":146}}},"selection":null,"view":{"scroll":{"x":-629.499267578125,"y":-162.944091796875},"visible_rect":{"max":{"x":-511.383575439453125,"y":613.37908935546875},"min":{"x":-1235.763916015625,"y":-319.87396240234375}},"zoom":0.509400904178619385}}