{"nodes":{"node:15843078507413242259":{"location":{"x":-874,"y":146}}},"selection":null,"view":{"scroll":{"x":-629.49945068359375,"y":-162.944122314453125},"visible_rect":{"max":{"x":-511.3836669921875,"y":613.37884521484375},"min":{"x":-1235.7635498046875,"y":-319.87384033203125}},"zoom":0.509401202201843262}}