{"nodes":{"node:3278264441176494725":{"location":{"x":-874,"y":146}}},"selection":null,"view":{"scroll":{"x":-1185.133544921875,"y":-234.57928466796875},"visible_rect":{"max":{"x":-131.0885009765625,"y":613.3792724609375},"min":{"x":-1616.057861328125,"y":-319.874237060546875}},"zoom":0.733348429203033447}}