{"nodes":{"node:13520874686052881979":{"location":{"x":-874,"y":146}}},"selection":null,"view":{"scroll":{"x":-732.49993896484375,"y":-162.944061279296875},"visible_rect":{"max":{"x":-309.186248779296875,"y":613.3785400390625},"min":{"x":-1437.9619140625,"y":-319.87353515625}},"zoom":0.509401500225067139}}